TAIR Accession	Locus	Gene Type	Description	Other Name(Type)	Keywords
Locus:2180074	AT5G18650	protein_coding	Encodes a RING-type E3 ubiquitin ligase that interacts with and ubiquitinates MYB30; leads to MYB30 proteasomal degradation and downregulation of its transcriptional activity.  Since MYB30 is a positive regulator of Arabidopsis HR and defence responses, MIEL1 is involved in the negative regulation of these processes. The mRNA is cell-to-cell mobile.	MIEL1;MYB30-INTERACTING E3 LIGASE 1	negative regulation of defense response to bacterium;positive regulation of proteasomal ubiquitin-dependent protein catabolic process;protein ubiquitination;protein ubiquitination;ubiquitin-dependent protein catabolic process;nucleus;cytoplasm;nucleus;protein binding;transcription factor binding;ubiquitin protein ligase activity;ubiquitin-protein transferase activity;L mature pollen stage;LP.02 two leaves visible stage;LP.04 four leaves visible stage;LP.06 six leaves visible stage;LP.08 eight leaves visible stage;LP.10 ten leaves visible stage;LP.12 twelve leaves visible stage;M germinated pollen stage;flowering stage;mature plant embryo stage;petal differentiation and expansion stage;plant embryo bilateral stage;plant embryo cotyledonary stage;plant embryo globular stage;vascular leaf senescent stage;carpel;cauline leaf;collective leaf structure;cotyledon;flower;flower pedicel;guard cell;hypocotyl;inflorescence meristem;leaf apex;leaf lamina base;petal;petiole;plant embryo;plant sperm cell;pollen;pollen tube cell;root;seed;sepal;shoot apex;shoot system;stamen;stem;vascular leaf;cell-to-cell mobile RNA,
Locus:2156867	AT5G66070	protein_coding	E3 ubiquitin ligase that functions in negative regulation of ABA signaling.	ABA-RELATED RING-TYPE E3 LIGASE;ATARRE;ATL27;Arabidopsis Toxicos en Levadura 27	negative regulation of abscisic acid-activated signaling pathway;nucleus;plasma membrane;ubiquitin protein ligase activity;L mature pollen stage;LP.02 two leaves visible stage;LP.04 four leaves visible stage;LP.06 six leaves visible stage;LP.08 eight leaves visible stage;LP.10 ten leaves visible stage;LP.12 twelve leaves visible stage;M germinated pollen stage;flowering stage;mature plant embryo stage;petal differentiation and expansion stage;plant embryo bilateral stage;plant embryo cotyledonary stage;plant embryo globular stage;vascular leaf senescent stage;carpel;cauline leaf;collective leaf structure;cotyledon;flower;flower pedicel;guard cell;hypocotyl;inflorescence meristem;leaf apex;leaf lamina base;petal;petiole;plant embryo;pollen;pollen tube cell;root;seed;sepal;shoot apex;shoot system;stamen;stem;vascular leaf,
Locus:2099443	AT3G48880	protein_coding	Encodes an F-box protein; SNIPER4, that regulates the turnover of MUSE13 and MUSE14, redundant TRAF proteins serving as adaptors in the SCFCRP1 complex to facilitate the turnover of nucleotide-binding domain and leucine-rich repeats (NLR) immune receptors.	SNIPER4;snc1-influencing plant E3 ligase reverse genetic screen 4	defense response to Gram-negative bacterium;cellular_component;SCF ubiquitin ligase complex binding;protein binding;L mature pollen stage;LP.02 two leaves visible stage;LP.04 four leaves visible stage;LP.06 six leaves visible stage;LP.08 eight leaves visible stage;LP.10 ten leaves visible stage;LP.12 twelve leaves visible stage;M germinated pollen stage;flowering stage;mature plant embryo stage;petal differentiation and expansion stage;plant embryo bilateral stage;plant embryo cotyledonary stage;plant embryo globular stage;vascular leaf senescent stage;carpel;cauline leaf;collective leaf structure;cotyledon;flower;flower pedicel;guard cell;hypocotyl;inflorescence meristem;leaf apex;leaf lamina base;petal;petiole;plant embryo;plant sperm cell;pollen;pollen tube cell;root;seed;sepal;shoot apex;shoot system;stamen;stem;vascular leaf;cell-to-cell mobile RNA,
Locus:2033691	AT1G67180	protein_coding	Encodes a plant-specific ubiquitin E3 ligase DDRM1 ubiquitinates and stabilizes SOG1 to promote homologous recombination repair.	DDRM1;DNA DAMAGE RESPONSE MUTANT 1;STUBL2;SUMO-TARGETED UBIQUITIN E3 LIGASE 2	homologous recombination;cytoplasm;nucleus;SUMO binding;ubiquitin-protein transferase activity;LP.02 two leaves visible stage;LP.04 four leaves visible stage;LP.10 ten leaves visible stage;LP.12 twelve leaves visible stage;flowering stage;mature plant embryo stage;petal differentiation and expansion stage;plant embryo bilateral stage;plant embryo cotyledonary stage;plant embryo globular stage;cauline leaf;collective leaf structure;flower;flower pedicel;guard cell;hypocotyl;leaf apex;leaf lamina base;petal;petiole;plant embryo;plant sperm cell;root;seed;sepal;shoot apex;shoot system;vascular leaf,
Locus:2184407	AT5G04460	protein_coding	RING/U-box superfamily protein. SUMO- targeted ubiquitin ligase.	STUBL5;SUMO-TARGETED UBIQUITIN E3 LIGASE 5	cytoplasm;SUMO binding;myosin XI tail binding;L mature pollen stage;LP.04 four leaves visible stage;LP.06 six leaves visible stage;LP.10 ten leaves visible stage;M germinated pollen stage;flowering stage;mature plant embryo stage;petal differentiation and expansion stage;plant embryo bilateral stage;plant embryo cotyledonary stage;plant embryo globular stage;vascular leaf senescent stage;carpel;cauline leaf;collective leaf structure;cotyledon;flower;flower pedicel;guard cell;hypocotyl;inflorescence meristem;leaf apex;petal;petiole;plant embryo;plant sperm cell;pollen;pollen tube cell;root;seed;sepal;shoot apex;shoot system;stamen;stem;vascular leaf;cell-to-cell mobile RNA,
Locus:2033369	AT1G66650	protein_coding	RING/U-box superfamily protein. SUMO- targeted ubiquitin ligase. Mutants are late flowering. Interacts with CDF2 suggesting a role in reducing the levels of this floral regulatory protein.	STUBL4;SUMO-TARGETED UBIQUITIN E3 LIGASE 4	ubiquitin-dependent protein catabolic process;vegetative to reproductive phase transition of meristem;protein ubiquitination;cytoplasm;nucleolus;SUMO binding;protein binding;zinc ion binding;flowering stage;mature plant embryo stage;petal differentiation and expansion stage;plant embryo bilateral stage;plant embryo cotyledonary stage;collective leaf structure;flower;flower pedicel;plant embryo;root;seed;sepal;shoot apex,
Locus:2050533	AT2G44410	protein_coding	RING/U-box superfamily protein. SUMO- targeted ubiquitin ligase.	STUBL6;SUMO-TARGETED UBIQUITIN E3 LIGASE 6	ubiquitin-dependent protein catabolic process;ERAD pathway;ubiquitin-dependent protein catabolic process;nucleus;SUMO binding;ubiquitin protein ligase activity;ubiquitin-like protein conjugating enzyme binding;cultured plant cell;guard cell,
Locus:2098505	AT3G07200	protein_coding	RING/U-box superfamily protein. SUMO- targeted ubiquitin ligase.	STUBL3;SUMO-TARGETED UBIQUITIN E3 LIGASE 3	ubiquitin-dependent protein catabolic process;ubiquitin-dependent protein catabolic process;nucleus;nucleolus;nucleus;SUMO binding;LP.02 two leaves visible stage;LP.04 four leaves visible stage;LP.06 six leaves visible stage;LP.08 eight leaves visible stage;LP.10 ten leaves visible stage;LP.12 twelve leaves visible stage;flowering stage;mature plant embryo stage;petal differentiation and expansion stage;plant embryo bilateral stage;plant embryo cotyledonary stage;plant embryo globular stage;vascular leaf senescent stage;carpel;cauline leaf;collective leaf structure;cotyledon;flower;flower pedicel;guard cell;hypocotyl;inflorescence meristem;leaf apex;leaf lamina base;petal;petiole;plant embryo;plant sperm cell;pollen;root;seed;sepal;shoot apex;shoot system;stamen;stem;vascular leaf,
Locus:505006682	AT5G48655	protein_coding	RING/U-box superfamily protein. SUMO- targeted ubiquitin ligase.	STUBL1;SUMO-TARGETED UBIQUITIN E3 LIGASE 1	ubiquitin-dependent protein catabolic process;ubiquitin-dependent protein catabolic process;nucleus;nucleolus;nucleus;SUMO binding;L mature pollen stage;LP.02 two leaves visible stage;LP.04 four leaves visible stage;LP.06 six leaves visible stage;LP.08 eight leaves visible stage;LP.10 ten leaves visible stage;LP.12 twelve leaves visible stage;M germinated pollen stage;flowering stage;mature plant embryo stage;petal differentiation and expansion stage;plant embryo bilateral stage;plant embryo cotyledonary stage;plant embryo globular stage;vascular leaf senescent stage;carpel;cauline leaf;collective leaf structure;cotyledon;flower;flower pedicel;guard cell;hypocotyl;inflorescence meristem;leaf apex;leaf lamina base;petal;petiole;plant embryo;plant sperm cell;pollen;pollen tube cell;root;seed;sepal;shoot apex;shoot system;stamen;stem;vascular leaf,
Locus:2125284	AT4G31450	protein_coding	RING-type E3 ligase.	CTL09;TEAR10;TIE1-ASSOCIATED RING-TYPE E3 LIGASE10	biological_process;nucleus;ubiquitin protein ligase activity;L mature pollen stage;LP.02 two leaves visible stage;LP.04 four leaves visible stage;LP.06 six leaves visible stage;LP.08 eight leaves visible stage;LP.10 ten leaves visible stage;LP.12 twelve leaves visible stage;M germinated pollen stage;flowering stage;mature plant embryo stage;petal differentiation and expansion stage;plant embryo bilateral stage;plant embryo cotyledonary stage;plant embryo globular stage;vascular leaf senescent stage;carpel;cauline leaf;collective leaf structure;cotyledon;flower;flower pedicel;guard cell;hypocotyl;inflorescence meristem;leaf lamina base;petal;petiole;plant embryo;pollen;pollen tube cell;root;seed;sepal;shoot apex;shoot system;stamen;stem;vascular leaf,
Locus:2160031	AT5G42940	protein_coding	RING-type E3 ligase; together with other TEARs redundantly promotes DELLA degradation to positively regulate seed  germination.	CTL06;TEAR6;TIE1-ASSOCIATED RING-TYPE E3 LIGASE6	response to far red light;seed germination;nucleus;ubiquitin protein ligase activity;L mature pollen stage;LP.02 two leaves visible stage;LP.04 four leaves visible stage;LP.06 six leaves visible stage;LP.08 eight leaves visible stage;LP.10 ten leaves visible stage;LP.12 twelve leaves visible stage;M germinated pollen stage;flowering stage;mature plant embryo stage;petal differentiation and expansion stage;plant embryo bilateral stage;plant embryo cotyledonary stage;plant embryo globular stage;vascular leaf senescent stage;carpel;cauline leaf;collective leaf structure;cotyledon;flower;flower pedicel;guard cell;hypocotyl;inflorescence meristem;leaf apex;leaf lamina base;petal;petiole;plant embryo;plant sperm cell;pollen;pollen tube cell;root;seed;sepal;shoot apex;shoot system;stamen;stem;vascular leaf,
Locus:2028225	AT1G45180	protein_coding	RING-type E3 ligase; together with other TEARs redundantly promotes DELLA degradation to positively regulate seed  germination.	CTL05;TEAR5;TIE1-ASSOCIATED RING-TYPE E3 LIGASE5	response to far red light;seed germination;nucleus;ubiquitin protein ligase activity;L mature pollen stage;LP.04 four leaves visible stage;LP.06 six leaves visible stage;LP.08 eight leaves visible stage;LP.10 ten leaves visible stage;LP.12 twelve leaves visible stage;flowering stage;mature plant embryo stage;petal differentiation and expansion stage;plant embryo bilateral stage;plant embryo cotyledonary stage;carpel;collective leaf structure;cotyledon;flower;guard cell;hypocotyl;inflorescence meristem;leaf apex;petal;plant embryo;plant sperm cell;pollen;root;seed;sepal;shoot apex;stamen;stem;vascular leaf,
Locus:2061800	AT2G37150	protein_coding	RING domain E3 ligase. Suppresses immune response by targeting RPS2 for degradation.	CTL10;MUSE16;MUTANT SNC1 ENHANCING 16;TEAR7;TIE1-ASSOCIATED RING-TYPE E3 LIGASE7	protein autoubiquitination;regulation of immune response;nucleus;ubiquitin protein ligase activity;LP.04 four leaves visible stage;LP.06 six leaves visible stage;flowering stage;petal differentiation and expansion stage;plant embryo bilateral stage;plant embryo globular stage;carpel;cauline leaf;collective leaf structure;cotyledon;flower;flower pedicel;guard cell;hypocotyl;inflorescence meristem;petal;plant embryo;plant sperm cell;pollen;pollen tube cell;root;sepal;stamen;stem;vascular leaf,
Locus:2124271	AT4G34040	protein_coding	RING-type E3 ligase; together with other TEARs redundantly promotes DELLA degradation to positively regulate seed  germination.	CTL04;MBR2;MED25 BINDING RING-H2 PROTEIN 2;TEAR4;TIE1-ASSOCIATED RING-TYPE E3 LIGASE4	proteasome-mediated ubiquitin-dependent protein catabolic process;response to far red light;seed germination;vegetative to reproductive phase transition of meristem;nucleus;protein binding;ubiquitin protein ligase activity;ubiquitin-like protein ligase activity;LP.02 two leaves visible stage;LP.04 four leaves visible stage;LP.06 six leaves visible stage;LP.08 eight leaves visible stage;LP.10 ten leaves visible stage;LP.12 twelve leaves visible stage;M germinated pollen stage;flowering stage;mature plant embryo stage;petal differentiation and expansion stage;plant embryo bilateral stage;plant embryo cotyledonary stage;plant embryo globular stage;vascular leaf senescent stage;carpel;cauline leaf;collective leaf structure;cotyledon;flower;flower pedicel;guard cell;hypocotyl;inflorescence meristem;leaf apex;leaf lamina base;petal;petiole;plant embryo;plant sperm cell;pollen;pollen tube cell;root;seed;sepal;shoot apex;shoot system;stamen;stem;vascular leaf,
Locus:2053613	AT2G15530	protein_coding	RING-type E3 ligase; together with other TEARs redundantly promotes DELLA degradation to positively regulate seed  germination.	CTL03;MBR1;MED25 BINDING RING-H2 PROTEIN 1;TEAR3;TIE1-ASSOCIATED RING-TYPE E3 LIGASE3	proteasome-mediated ubiquitin-dependent protein catabolic process;response to far red light;seed germination;vegetative to reproductive phase transition of meristem;nucleus;protein binding;ubiquitin protein ligase activity;LP.02 two leaves visible stage;LP.04 four leaves visible stage;LP.06 six leaves visible stage;LP.08 eight leaves visible stage;LP.10 ten leaves visible stage;LP.12 twelve leaves visible stage;flowering stage;mature plant embryo stage;petal differentiation and expansion stage;plant embryo bilateral stage;plant embryo cotyledonary stage;plant embryo globular stage;vascular leaf senescent stage;carpel;cauline leaf;collective leaf structure;cotyledon;flower;flower pedicel;guard cell;hypocotyl;inflorescence meristem;leaf apex;leaf lamina base;petal;petiole;plant embryo;plant sperm cell;pollen;root;seed;sepal;shoot apex;shoot system;stamen;stem;vascular leaf,
Locus:2149378	AT5G24870	protein_coding	Ubiquitin E3 ligase; works with WDL7 in module which regulates microtubule disassembly to mediate stomatal closure in response to drought stress and ABA  treatment. MREL57 interacts with, ubiquitinates and degrades WDL7, effect is  enhanced by ABA.	CTL07;MREL57;TEAR12;TIE1-ASSOCIATED RING-TYPE E3 LIGASE12	nucleus;ubiquitin protein ligase activity;L mature pollen stage;LP.04 four leaves visible stage;LP.06 six leaves visible stage;LP.08 eight leaves visible stage;LP.10 ten leaves visible stage;M germinated pollen stage;flowering stage;mature plant embryo stage;petal differentiation and expansion stage;plant embryo cotyledonary stage;vascular leaf senescent stage;carpel;cauline leaf;collective leaf structure;cotyledon;flower;flower pedicel;guard cell;hypocotyl;inflorescence meristem;leaf lamina base;petal;plant sperm cell;pollen;pollen tube cell;root;seed;sepal;shoot system;stamen;stem;stomatal complex;vascular leaf,
Locus:2027804	AT1G73760	protein_coding	RING/U-box superfamily protein;(source:Araport11)	CTL14;TEAR8;TIE1-ASSOCIATED RING-TYPE E3 LIGASE8	nucleus;ubiquitin protein ligase activity;LP.02 two leaves visible stage;LP.04 four leaves visible stage;LP.06 six leaves visible stage;LP.08 eight leaves visible stage;LP.10 ten leaves visible stage;LP.12 twelve leaves visible stage;flowering stage;mature plant embryo stage;petal differentiation and expansion stage;plant embryo bilateral stage;plant embryo cotyledonary stage;plant embryo globular stage;vascular leaf senescent stage;carpel;cauline leaf;collective leaf structure;cotyledon;flower;flower pedicel;guard cell;hypocotyl;inflorescence meristem;leaf apex;leaf lamina base;petal;petiole;plant embryo;pollen;root;seed;sepal;shoot apex;shoot system;stamen;stem;vascular leaf,
Locus:2030933	AT1G17970	protein_coding	RING/U-box superfamily protein;(source:Araport11)	CTL15;TEAR9;TIE1-ASSOCIATED RING-TYPE E3 LIGASE9	mitochondrion;ubiquitin protein ligase activity;LP.02 two leaves visible stage;LP.04 four leaves visible stage;LP.06 six leaves visible stage;LP.08 eight leaves visible stage;LP.10 ten leaves visible stage;LP.12 twelve leaves visible stage;flowering stage;mature plant embryo stage;petal differentiation and expansion stage;plant embryo bilateral stage;plant embryo cotyledonary stage;plant embryo globular stage;vascular leaf senescent stage;cauline leaf;collective leaf structure;cotyledon;flower;flower pedicel;guard cell;hypocotyl;inflorescence meristem;leaf apex;leaf lamina base;petal;petiole;plant embryo;root;seed;sepal;shoot apex;shoot system;stamen;stem;vascular leaf,
Locus:2159634	AT5G10650	protein_coding	JUL1 encode a RING-type E3 ubiquitin ligase that is involved in JA responses. It ubiquitinates the JAV1 jasmonic acid response repressor which is then degraded by the proteosome. Participates in ABA-mediated microtubule depolymerization; stomatal closure, and tolerance response to drought stress.	CTL08;JAV1- 37 ASSOCIATED UBIQUITIN LIGASE 1;JUL1;TEAR11;TIE1-ASSOCIATED RING-TYPE E3 LIGASE11	protein autoubiquitination;microtubule bundle;nucleus;microtubule binding;protein binding;ubiquitin protein ligase activity;L mature pollen stage;LP.02 two leaves visible stage;LP.04 four leaves visible stage;LP.06 six leaves visible stage;LP.08 eight leaves visible stage;LP.10 ten leaves visible stage;LP.12 twelve leaves visible stage;M germinated pollen stage;flowering stage;petal differentiation and expansion stage;plant embryo bilateral stage;plant embryo cotyledonary stage;plant embryo globular stage;vascular leaf senescent stage;carpel;cauline leaf;collective leaf structure;cotyledon;flower;guard cell;hypocotyl;inflorescence meristem;leaf apex;leaf lamina base;petal;plant embryo;pollen;root;seed;sepal;shoot system;stamen;stem;vascular leaf,
Locus:2085013	AT3G42770	protein_coding	E3 ligase involved in phosphate homeostasis. Under low Pi stress it targets  WRKY6(AT1G62300) for degradation which in turn is a repressor of PHO1( AT3G23430 ).	PHOSPHATE RESPONSE UBIQUITIN E3 LIGASE 1;PRU1	cellular response to phosphate starvation;protein polyubiquitination;chloroplast;protein binding;ubiquitin protein ligase activity;root system,
Locus:2009660	AT1G53190	protein_coding	Encodes a RING-type E3 ligase that positively regulates CIN-like TCP activity to promote leaf development by mediating the degradation of the TCP repressor TIE1. RING-type E3 ligase; together with other TEARs redundantly promotes DELLA degradation to positively regulate seed  germination.	CTL01;TEAR1;TIE1-ASSOCIATED 33 RING-TYPE E3 LIGASE 1	protein ubiquitination;simple leaf morphogenesis;nucleus;cytoplasm;nucleus;protein binding;ubiquitin protein ligase activity;guard cell;cell-to-cell mobile RNA,
Locus:2086305	AT3G15070	protein_coding	Encodes a RING-type E3 ligase that positively regulates CIN-like TCP activity to promote leaf development by mediating the degradation of the TCP repressor TIE1. RING-type E3 ligase; together with other TEARs redundantly promotes DELLA degradation to positively regulate seed  germination.	CTL02;TEAR2;TIE1-ASSOCIATED 33 RING-TYPE E3 LIGASE 2	protein ubiquitination;simple leaf morphogenesis;nucleus;nucleus;protein binding;ubiquitin protein ligase activity;L mature pollen stage;LP.02 two leaves visible stage;LP.04 four leaves visible stage;LP.06 six leaves visible stage;LP.08 eight leaves visible stage;LP.10 ten leaves visible stage;LP.12 twelve leaves visible stage;M germinated pollen stage;flowering stage;mature plant embryo stage;petal differentiation and expansion stage;plant embryo bilateral stage;plant embryo cotyledonary stage;plant embryo globular stage;vascular leaf senescent stage;carpel;cauline leaf;collective leaf structure;cotyledon;flower;flower pedicel;guard cell;hypocotyl;inflorescence meristem;leaf apex;leaf lamina base;petal;petiole;plant embryo;pollen;pollen tube cell;root;seed;sepal;shoot apex;shoot system;stamen;stem;vascular leaf,
Locus:2200610	AT1G26800	protein_coding	MPSR1 is  cytoplasmic E3 ligase that senses misfolded  proteins independently of chaperones and targets those proteins for degradation via the 26S proteasome. Involved in the regulation of the homeostasis of sensor NLR immune receptors.	MISFOLDED PROTEIN SENSING RING E3 LIGASE 1;MPSR1;SNIPER2	cellular response to hypoxia;cellular response to misfolded protein;cytoplasm protein quality control by the ubiquitin-proteasome system;protein autoubiquitination;protein polyubiquitination;protein ubiquitination;regulation of protein complex stability;cytoplasm;cytoplasm;cytosol;nucleus;misfolded protein binding;ubiquitin protein ligase activity;LP.02 two leaves visible stage;LP.04 four leaves visible stage;LP.06 six leaves visible stage;LP.08 eight leaves visible stage;LP.10 ten leaves visible stage;flowering stage;petal differentiation and expansion stage;plant embryo bilateral stage;plant embryo cotyledonary stage;plant embryo globular stage;vascular leaf senescent stage;carpel;cauline leaf;collective leaf structure;cotyledon;flower;flower pedicel;guard cell;hypocotyl;inflorescence meristem;leaf apex;petal;plant embryo;plant ovule;pollen;root;seed;sepal;shoot apex;stamen;stem;vascular leaf,
Locus:2144000	AT5G60170	protein_coding	E3 ligase involved in regulation of chloroplast protein synthesis through activity of PGR3.	NOT4A	protein ubiquitination;nucleus;CCR4-NOT complex;ubiquitin-protein transferase activity;L mature pollen stage;LP.02 two leaves visible stage;LP.04 four leaves visible stage;LP.06 six leaves visible stage;LP.08 eight leaves visible stage;LP.10 ten leaves visible stage;LP.12 twelve leaves visible stage;M germinated pollen stage;flowering stage;mature plant embryo stage;petal differentiation and expansion stage;plant embryo bilateral stage;plant embryo cotyledonary stage;plant embryo globular stage;vascular leaf senescent stage;carpel;cauline leaf;collective leaf structure;cotyledon;flower;flower pedicel;guard cell;hypocotyl;inflorescence meristem;leaf apex;leaf lamina base;petal;petiole;plant embryo;plant sperm cell;pollen;pollen tube cell;root;seed;sepal;shoot apex;shoot system;stamen;stem;vascular leaf;cell-to-cell mobile RNA,
Locus:2035843	AT1G14200	protein_coding	E3 ligase involved in the regulation of the homeostasis of sensor NLR immune receptors.	SNIPER1;USR1	cellular response to hypoxia;defense response to other organism;protein ubiquitination;cytoplasm;nucleus;ubiquitin protein ligase activity;LP.02 two leaves visible stage;LP.04 four leaves visible stage;LP.06 six leaves visible stage;LP.08 eight leaves visible stage;LP.10 ten leaves visible stage;LP.12 twelve leaves visible stage;M germinated pollen stage;flowering stage;petal differentiation and expansion stage;plant embryo cotyledonary stage;plant embryo globular stage;vascular leaf senescent stage;carpel;cauline leaf;collective leaf structure;cotyledon;flower;flower pedicel;guard cell;hypocotyl;inflorescence meristem;leaf lamina base;petal;petiole;plant embryo;plant sperm cell;pollen;pollen tube cell;root;sepal;stamen;stem;vascular leaf,
Locus:2075356	AT3G46220	protein_coding	E3 ligase that mediates ufmylation. Part of complex with C53 and the ER-resident adaptor protein DDRGK1. Involved in the pathway that links ribosome-associated quality control with selective autophagy at the ER.	UFL1	response to endoplasmic reticulum stress;reticulophagy;endoplasmic reticulum membrane;UFM1 transferase activity;LP.02 two leaves visible stage;LP.04 four leaves visible stage;LP.06 six leaves visible stage;LP.08 eight leaves visible stage;LP.10 ten leaves visible stage;LP.12 twelve leaves visible stage;flowering stage;mature plant embryo stage;petal differentiation and expansion stage;plant embryo bilateral stage;plant embryo cotyledonary stage;plant embryo globular stage;vascular leaf senescent stage;carpel;cauline leaf;collective leaf structure;cotyledon;flower;flower pedicel;guard cell;hypocotyl;inflorescence meristem;leaf apex;leaf lamina base;petal;petiole;plant embryo;plant sperm cell;pollen;pollen tube cell;root;seed;sepal;shoot apex;shoot system;stamen;stem;vascular leaf,
Locus:2164723	AT5G48170	protein_coding	encodes an F-box protein whose protein sequence is similar to SLY1; which belongs to SCF-SLY1 E3 ligase complex. SCF-SLY1 E3 ligase degrades DELLA proteins that are involved in promoting growth. Overexpression of SLY2 can partially compensate sly1-10 mutant phenotype of dwarfism.	SLEEPY2;SLY2;SNE;SNEEZY	gibberellic acid mediated signaling pathway;regulation of gibberellic acid mediated signaling pathway;regulation of shoot system development;gibberellic acid mediated signaling pathway;protein ubiquitination;nucleus;SCF ubiquitin ligase complex;protein binding;LP.02 two leaves visible stage;LP.04 four leaves visible stage;LP.06 six leaves visible stage;LP.08 eight leaves visible stage;LP.10 ten leaves visible stage;LP.12 twelve leaves visible stage;flowering stage;mature plant embryo stage;petal differentiation and expansion stage;plant embryo bilateral stage;plant embryo cotyledonary stage;vascular leaf senescent stage;carpel;cauline leaf;collective leaf structure;cotyledon;flower;flower pedicel;guard cell;hypocotyl;inflorescence;inflorescence meristem;leaf apex;leaf lamina base;petal;petiole;plant embryo;pollen;root;seed;sepal;shoot apex;shoot system;stamen;stem;vascular leaf,
Locus:2028436	AT1G49230	protein_coding	Plasma membrane localized E3 ligase.	ARABIDOPSIS TXICOS EN LEVADURA 78;ATATL78;ATL78;PRU2	response to cold;response to water deprivation;protein ubiquitination;plasma membrane;molecular_function;LP.02 two leaves visible stage;LP.04 four leaves visible stage;LP.06 six leaves visible stage;LP.08 eight leaves visible stage;LP.10 ten leaves visible stage;LP.12 twelve leaves visible stage;flowering stage;petal differentiation and expansion stage;plant embryo bilateral stage;plant embryo cotyledonary stage;vascular leaf senescent stage;cauline leaf;collective leaf structure;cotyledon;flower;guard cell;hypocotyl;inflorescence meristem;leaf apex;leaf lamina base;petal;petiole;plant embryo;root;seed;shoot apex;shoot system;stem;vascular leaf,
Locus:2202882	AT1G59560	protein_coding	Encodes a chloroplast-localized putative RING-type ubiquitin E3 ligase.	DAL2;DIAP1-like protein 2;SP1-LIKE 1;SPL1;ZCF61	organelle organization;protein ubiquitination;chloroplast;chloroplast envelope;mitochondrion;ubiquitin-protein transferase activity;LP.02 two leaves visible stage;LP.04 four leaves visible stage;LP.06 six leaves visible stage;LP.08 eight leaves visible stage;LP.10 ten leaves visible stage;LP.12 twelve leaves visible stage;flowering stage;mature plant embryo stage;petal differentiation and expansion stage;plant embryo bilateral stage;plant embryo cotyledonary stage;plant embryo globular stage;vascular leaf senescent stage;carpel;cauline leaf;collective leaf structure;cotyledon;flower;flower pedicel;guard cell;hypocotyl;inflorescence meristem;leaf apex;leaf lamina base;petal;petiole;plant embryo;plant sperm cell;pollen;root;seed;sepal;shoot apex;shoot system;stamen;stem;vascular leaf,
Locus:2014405	AT1G54150	protein_coding	Encodes a chloroplast-localized putative RING-type ubiquitin E3 ligase.	SP1-LIKE 2;SPL2	organelle organization;protein ubiquitination;chloroplast;chloroplast envelope;mitochondrion;ubiquitin-protein transferase activity;LP.02 two leaves visible stage;LP.04 four leaves visible stage;LP.06 six leaves visible stage;LP.08 eight leaves visible stage;LP.10 ten leaves visible stage;LP.12 twelve leaves visible stage;flowering stage;mature plant embryo stage;petal differentiation and expansion stage;plant embryo bilateral stage;plant embryo cotyledonary stage;plant embryo globular stage;vascular leaf senescent stage;carpel;cauline leaf;collective leaf structure;cotyledon;flower;flower pedicel;guard cell;hypocotyl;inflorescence meristem;leaf apex;leaf lamina base;petal;petiole;plant embryo;plant sperm cell;pollen;root;seed;sepal;shoot apex;shoot system;stamen;stem;vascular leaf,
Locus:2083641	AT3G15150	protein_coding	Encodes a SUMO E3 ligase that regulates endocycle onset and meristem maintenance.	A. THALIANA METHYL METHANE SULFONATE SENSITIVITY 21;ATMMS21;HIGH PLOIDY2;HPY2;METHYL METHANE SULFONATE SENSITIVITY 2;MMS21;NSE2	DNA damage response;germ-line stem-cell niche homeostasis;negative regulation of DNA endoreduplication;regulation of meristem development;double-strand break repair via homologous recombination;positive regulation of cell population proliferation;positive regulation of cytokinin-activated signaling pathway;positive regulation of mitotic cell cycle;protein sumoylation;regulation of root meristem growth;nucleus;nucleus;Smc5-Smc6 complex;SUMO ligase activity;SUMO transferase activity;protein binding;zinc ion binding;L mature pollen stage;LP.02 two leaves visible stage;LP.04 four leaves visible stage;LP.06 six leaves visible stage;LP.08 eight leaves visible stage;LP.10 ten leaves visible stage;LP.12 twelve leaves visible stage;M germinated pollen stage;flowering stage;mature plant embryo stage;petal differentiation and expansion stage;plant embryo bilateral stage;plant embryo cotyledonary stage;plant embryo globular stage;vascular leaf senescent stage;collective leaf structure;cotyledon;flower;flower pedicel;guard cell;hypocotyl;inflorescence meristem;leaf apex;petal;petiole;plant embryo;plant sperm cell;pollen;pollen tube cell;root;root meristem;seed;sepal;shoot apex;shoot system;stamen;stem;vascular leaf,
Locus:2036756	AT1G47230	protein_coding	Post-prophase target of anaphase promoting complex/cyclosome E3-ligase controlling formative cell divisions.	CYCA3;4;CYCLIN A3;4	G1/S transition of mitotic cell cycle;cytoplasm;nucleus;nucleus;cyclin-dependent protein kinase holoenzyme complex;cyclin-dependent protein serine/threonine kinase regulator activity;protein binding;LP.02 two leaves visible stage;LP.04 four leaves visible stage;LP.10 ten leaves visible stage;LP.12 twelve leaves visible stage;flowering stage;mature plant embryo stage;petal differentiation and expansion stage;plant embryo bilateral stage;plant embryo cotyledonary stage;plant embryo globular stage;vascular leaf senescent stage;carpel;cauline leaf;collective leaf structure;flower;flower pedicel;guard cell;hypocotyl;inflorescence meristem;leaf apex;leaf lamina base;petal;petiole;plant embryo;plant sperm cell;root;root elongation zone;seed;sepal;shoot apex;shoot system;stem;vascular leaf,
Locus:505006703	AT5G58787	protein_coding	Encodes a cytosolic protein with E3 ligase activity that is involved in positive regulation of ABA responses.	ABA INSENSITIVE RING PROTEIN 4;ATAIRP4	cellular response to abscisic acid stimulus;positive regulation of response to water deprivation;protein ubiquitination;response to gibberellin;cytosol;cytosol;nucleus;ubiquitin protein ligase activity;LP.02 two leaves visible stage;LP.04 four leaves visible stage;LP.06 six leaves visible stage;LP.08 eight leaves visible stage;LP.10 ten leaves visible stage;LP.12 twelve leaves visible stage;flowering stage;mature plant embryo stage;petal differentiation and expansion stage;plant embryo bilateral stage;plant embryo cotyledonary stage;plant embryo globular stage;vascular leaf senescent stage;carpel;cauline leaf;collective leaf structure;cotyledon;flower;flower pedicel;guard cell;hypocotyl;inflorescence;inflorescence meristem;leaf apex;leaf lamina;leaf lamina base;petal;petiole;plant embryo;pollen;root;rosette leaf;seed;sepal;shoot apex;shoot system;stamen;stem;vascular leaf,
Locus:2151241	AT5G02750	protein_coding	Encodes an E3 ligase; SHOOT GRAVITROPISM9.  Modulates the interaction between statoliths and F-Actin in gravity sensing.	SGR9;SHOOT GRAVITROPISM 9	gravitropism;protein ubiquitination;cytoplasm;amyloplast;ubiquitin protein ligase activity;ubiquitin-protein transferase activity;guard cell,
Locus:2101217	AT3G12630	protein_coding	Encodes a protein with E3 ligase activity that acts as a positive regulator of stress responses in Arabidopsis.	SAP5;stress associated protein 5	protein autoubiquitination;protein ubiquitination;response to osmotic stress;response to water deprivation;protein ubiquitination;response to osmotic stress;nucleus;DNA binding;ubiquitin-protein transferase activity;zinc ion binding;L mature pollen stage;LP.02 two leaves visible stage;LP.04 four leaves visible stage;LP.06 six leaves visible stage;LP.08 eight leaves visible stage;LP.10 ten leaves visible stage;LP.12 twelve leaves visible stage;M germinated pollen stage;flowering stage;mature plant embryo stage;petal differentiation and expansion stage;plant embryo bilateral stage;plant embryo cotyledonary stage;plant embryo globular stage;vascular leaf senescent stage;carpel;cauline leaf;collective leaf structure;cotyledon;flower;flower pedicel;guard cell;hypocotyl;inflorescence meristem;leaf;leaf apex;leaf lamina base;petal;petiole;plant embryo;plant sperm cell;pollen;pollen tube cell;root;seed;sepal;shoot apex;shoot system;stamen;stem;vascular leaf,
Locus:2041464	AT2G47090	protein_coding	Ubiquitin E3 ligase. Regulates the stability of  WRKY33 to modulate the submergence response. Expression is repressed by hypoxia.	SR1	response to flooding;protein ubiquitination;rescue of stalled ribosome;nucleus;protein binding;ribosome binding;ubiquitin protein ligase activity;guard cell,
Locus:2075069	AT3G09770	protein_coding	Encodes a ubiquitin E3 ligase LOG2 (LOSS OF GDU2). Required for GLUTAMINE DUMPER1(GDU1)-induced amino secretion.	ABA INSENSITIVE RING PROTEIN 3;AIRP3;ATAIRP3;LOG2;LOSS OF GDU 2	abscisic acid-activated signaling pathway involved in stomatal movement;intracellular amino acid homeostasis;regulation of stomatal closure;response to abscisic acid;abscisic acid-activated signaling pathway involved in stomatal movement;intracellular amino acid homeostasis;protein ubiquitination;regulation of stomatal closure;response to abscisic acid;nucleus;plasma membrane;protein binding;ubiquitin protein ligase activity;ubiquitin-protein transferase activity;L mature pollen stage;LP.02 two leaves visible stage;LP.04 four leaves visible stage;LP.06 six leaves visible stage;LP.08 eight leaves visible stage;LP.10 ten leaves visible stage;LP.12 twelve leaves visible stage;M germinated pollen stage;flowering stage;mature plant embryo stage;petal differentiation and expansion stage;plant embryo bilateral stage;plant embryo cotyledonary stage;plant embryo globular stage;vascular leaf senescent stage;carpel;cauline leaf;collective leaf structure;cotyledon;flower;flower pedicel;guard cell;hypocotyl;inflorescence meristem;leaf apex;leaf lamina base;petal;petiole;plant embryo;pollen;pollen tube cell;root;seed;sepal;shoot apex;shoot system;stamen;stem;vascular leaf,
Locus:2159981	AT5G42990	protein_coding	E2 conjugating enzyme; depends on SINAT1 E3 ligase to destabilize the ESCRT component FREE1 in plant iron deficiency responses.	UBC18;ubiquitin-conjugating enzyme 18	ubiquitin-dependent protein catabolic process;protein polyubiquitination;proteasome-mediated ubiquitin-dependent protein catabolic process;nucleus;nucleus;protein binding;ubiquitin conjugating enzyme activity;LP.02 two leaves visible stage;LP.04 four leaves visible stage;LP.06 six leaves visible stage;LP.08 eight leaves visible stage;LP.10 ten leaves visible stage;LP.12 twelve leaves visible stage;flowering stage;mature plant embryo stage;petal differentiation and expansion stage;plant embryo bilateral stage;plant embryo cotyledonary stage;plant embryo globular stage;vascular leaf senescent stage;carpel;cauline leaf;collective leaf structure;cotyledon;flower;flower pedicel;guard cell;hypocotyl;inflorescence meristem;leaf apex;leaf lamina base;petal;petiole;plant embryo;pollen;root;seed;sepal;shoot apex;shoot system;stamen;stem;vascular leaf,
Locus:2172600	AT5G57740	protein_coding	Encodes a RING-type E3 ligase XBAT32. Mediates the proteasomal degradation of the ethylene biosynthetic enzyme; 1-aminocyclopropane-1-carboxylate synthase 7.	XB3 ORTHOLOG 2 IN ARABIDOPSIS THALIANA;XBAT32	ubiquitin-dependent protein catabolic process;lateral root formation;negative regulation of ethylene biosynthetic process;protein autoubiquitination;protein ubiquitination;response to auxin;cellular_component;protein binding;ubiquitin-protein transferase activity;L mature pollen stage;LP.02 two leaves visible stage;LP.04 four leaves visible stage;LP.06 six leaves visible stage;LP.08 eight leaves visible stage;LP.10 ten leaves visible stage;LP.12 twelve leaves visible stage;M germinated pollen stage;flowering stage;mature plant embryo stage;petal differentiation and expansion stage;plant embryo bilateral stage;plant embryo cotyledonary stage;plant embryo globular stage;vascular leaf senescent stage;carpel;cauline leaf;collective leaf structure;cotyledon;flower;flower pedicel;guard cell;hypocotyl;inflorescence meristem;leaf apex;leaf lamina base;petal;petiole;plant embryo;pollen;pollen tube cell;root;seed;sepal;shoot apex;shoot system;stamen;stem;vascular leaf,
Locus:2173742	AT5G40140	protein_coding	Encodes a ubiquitin E3 ligase of the U-box  type that mediates the proteasomal degradation of BZR1 in a root-specific manner.	PLANT U-BOX 40;PUB40	protein ubiquitination;cytoplasm;nucleus;cytoplasm;protein binding;ubiquitin protein ligase activity;petal differentiation and expansion stage;plant embryo bilateral stage;plant embryo cotyledonary stage;collective leaf structure;flower;guard cell;plant embryo;root;seed;sepal;shoot apex;stem,
Locus:2014089	AT1G18470	protein_coding	Putative C3HC4 zinc-finger ubiquitin E3 ligase that is induced by ABA and plays a positive role in ABA signaling.	ATPPRT3;PPRT3;PROTEIN WITH THE RING DOMAIN AND TMEMB_185A 3	positive regulation of abscisic acid-activated signaling pathway;chloroplast;endoplasmic reticulum;mitochondrion;cytosol;molecular_function;LP.02 two leaves visible stage;LP.04 four leaves visible stage;LP.06 six leaves visible stage;LP.08 eight leaves visible stage;LP.10 ten leaves visible stage;LP.12 twelve leaves visible stage;flowering stage;mature plant embryo stage;petal differentiation and expansion stage;plant embryo bilateral stage;plant embryo cotyledonary stage;plant embryo globular stage;vascular leaf senescent stage;carpel;cauline leaf;collective leaf structure;cotyledon;flower;flower pedicel;guard cell;hypocotyl;inflorescence meristem;leaf apex;leaf lamina base;petal;petiole;plant embryo;plant sperm cell;pollen;pollen tube cell;root;seed;sepal;shoot apex;shoot system;stamen;stem;vascular leaf,
Locus:2064642	AT2G41980	protein_coding	SINAT1 is an E3 ligase involved in protein ubiquination. Along with MUSE13/14 targets ATG6 ubiquination to regulate autophagosome assembly.	SINAT1	protein ubiquitination;protein ubiquitination;regulation of autophagosome assembly;ubiquitin-dependent protein catabolic process;cytoplasm;nucleus;protein binding;ubiquitin protein ligase activity;L mature pollen stage;LP.02 two leaves visible stage;LP.04 four leaves visible stage;LP.06 six leaves visible stage;LP.08 eight leaves visible stage;LP.10 ten leaves visible stage;LP.12 twelve leaves visible stage;M germinated pollen stage;flowering stage;mature plant embryo stage;petal differentiation and expansion stage;plant embryo bilateral stage;plant embryo cotyledonary stage;plant embryo globular stage;vascular leaf senescent stage;carpel;cauline leaf;collective leaf structure;cotyledon;flower;flower pedicel;guard cell;hypocotyl;inflorescence meristem;leaf apex;leaf lamina base;petal;petiole;plant embryo;pollen;pollen tube cell;root;seed;sepal;shoot apex;shoot system;stamen;stem;vascular leaf,
Locus:2130933	AT4G17410	protein_coding	PQT3 is a nuclear localized E3 ligase involved in negative regulation of stress tolerance.PRMT4b is a substrate of PQT3.	PARAQUAT TOLERANCE3;PQT3	positive regulation of response to oxidative stress;protein ubiquitination;cellular response to paraquat;negative regulation of response to oxidative stress;positive regulation of proteasomal ubiquitin-dependent protein catabolic process;protein ubiquitination;response to cadmium ion;response to hydrogen peroxide;response to mannitol;response to oxidative stress;response to paraquat;response to salt stress;response to water deprivation;ubiquitin-dependent protein catabolic process;nucleus;nucleus;protein binding;ubiquitin protein ligase activity;ubiquitin-like protein ligase activity;cotyledon;cultured plant cell;guard cell;hypocotyl;leaf;plant sperm cell;root,
Locus:2011526	AT1G53020	pseudogene	Cognate nuclear E2 enzyme that interacts with the RFA4 E3 ligase and forms UBC26-RFA4-Receptor complexes in nuclear speckles.	N/A	protein ubiquitination;ubiquitin conjugating enzyme activity;petal differentiation and expansion stage;collective leaf structure;flower;plant sperm cell;sepal,
Locus:2116179	AT4G34280	protein_coding	Encodes a putative substrate receptor for the cullin4-RING ubiquitin E3 ligase complex that is involved in negative regulation of plant UV-B response.	DHU1;DWD HYPERSENSITIVE TO UV-B 1	cellular response to UV-B;response to UV-B;mitochondrion;Cul4-RING E3 ubiquitin ligase complex;protein binding;guard cell,
Locus:2153554	AT5G05280	protein_coding	Encodes a RING-finger E3 ligase protein that controls anther dehiscence by positively regulating the expression of DAD1 in the jasmonic acid biosynthesis pathway.	ATL73;Arabidopsis Toxicos en Levadura 73;DAF;DEFECTIVE IN ANTHER DEHISCENCE1- ( DAD1-) ACTIVATING FACTOR	anther dehiscence;pollen development;protein ubiquitination;regulation of jasmonic acid biosynthetic process;stamen development;protein ubiquitination;cellular_component;ubiquitin protein ligase activity;ubiquitin-protein transferase activity,
Locus:2092145	AT3G26000	protein_coding	RIPF1 is an F-Box E3 ligase that interacts with the ABA receptor RCAR3 and appears to be responsible for facilitating its turnover.	RCAR3  INTERACTING  F-BOX  PROTEIN  1;RIFP1	negative regulation of abscisic acid-activated signaling pathway;protein ubiquitination;cytoplasm;cytosol;nucleus;protein binding;L mature pollen stage;LP.02 two leaves visible stage;LP.04 four leaves visible stage;LP.06 six leaves visible stage;LP.08 eight leaves visible stage;LP.10 ten leaves visible stage;LP.12 twelve leaves visible stage;M germinated pollen stage;flowering stage;mature plant embryo stage;petal differentiation and expansion stage;plant embryo bilateral stage;plant embryo cotyledonary stage;plant embryo globular stage;vascular leaf senescent stage;carpel;cauline leaf;collective leaf structure;cotyledon;flower;flower pedicel;guard cell;hypocotyl;inflorescence meristem;leaf apex;leaf lamina base;petal;petiole;plant embryo;plant sperm cell;pollen;pollen tube cell;root;seed;sepal;shoot apex;shoot system;stamen;stem;vascular leaf,
Locus:2145643	AT5G14420	protein_coding	Encodes RGLG2 (RING domain ligase 2); a RING domain ubiquitin E3 ligase that negatively regulates the drought stress response by mediating ERF53 transcriptional activity.	RGLG2;RING domain Ligase2	auxin metabolic process;cytokinin metabolic process;negative regulation of response to water deprivation;protein K63-linked ubiquitination;protein ubiquitination;nucleus;nucleus;plasma membrane;protein binding;ubiquitin-protein transferase activity;LP.02 two leaves visible stage;LP.04 four leaves visible stage;LP.06 six leaves visible stage;LP.08 eight leaves visible stage;LP.10 ten leaves visible stage;LP.12 twelve leaves visible stage;flowering stage;mature plant embryo stage;petal differentiation and expansion stage;plant embryo bilateral stage;plant embryo cotyledonary stage;plant embryo globular stage;vascular leaf senescent stage;carpel;cauline leaf;collective leaf structure;cotyledon;flower;flower pedicel;guard cell;hypocotyl;inflorescence meristem;leaf apex;leaf lamina base;leaf vascular system;petal;petiole;plant embryo;plant sperm cell;pollen;root;root vascular system;seed;sepal;shoot apex;shoot system;stamen;stem;vascular leaf;epidermal pavement cell,
Locus:2012136	AT1G49780	protein_coding	PUB25 and PUB26 are closely related paralogs that encode functional E3 ligases. They function in immune response pathway by targeting BIK1 for degradation.	PLANT U-BOX 26;PUB26	defense response to other organism;protein ubiquitination;protein ubiquitination;cellular_component;protein binding;ubiquitin protein ligase activity;LP.02 two leaves visible stage;LP.04 four leaves visible stage;LP.06 six leaves visible stage;LP.08 eight leaves visible stage;LP.10 ten leaves visible stage;flowering stage;mature plant embryo stage;petal differentiation and expansion stage;plant embryo bilateral stage;plant embryo cotyledonary stage;plant embryo globular stage;vascular leaf senescent stage;carpel;cauline leaf;collective leaf structure;cotyledon;flower;flower pedicel;guard cell;hypocotyl;inflorescence meristem;leaf lamina base;petal;petiole;plant embryo;pollen;root;seed;sepal;shoot apex;shoot system;stamen;stem;vascular leaf,
Locus:2090604	AT3G19380	protein_coding	PUB25 and PUB26 are closely related paralogs that encode functional E3 ligases. They function in immune response pathway by targeting BIK1 for degradation.	PLANT U-BOX 25;PUB25	defense response to other organism;protein ubiquitination;protein ubiquitination;cellular_component;protein binding;ubiquitin protein ligase activity;LP.02 two leaves visible stage;LP.04 four leaves visible stage;LP.06 six leaves visible stage;LP.08 eight leaves visible stage;LP.10 ten leaves visible stage;LP.12 twelve leaves visible stage;flowering stage;mature plant embryo stage;petal differentiation and expansion stage;plant embryo bilateral stage;plant embryo globular stage;vascular leaf senescent stage;carpel;cauline leaf;collective leaf structure;cotyledon;flower;flower pedicel;guard cell;hypocotyl;inflorescence meristem;leaf apex;leaf lamina base;petal;petiole;plant embryo;pollen;root;seed;sepal;shoot apex;shoot system;stamen;stem;vascular leaf,
Locus:2102594	AT3G56510	protein_coding	Involved in regulation of seed longevity; positively regulated by E3 ligase ATL5. ATL5 promotes the polyubiquitination and degradation of the ABT1 protein posttranslationally.	ABT1;ACTIVATOR OF BASAL TRANSCRIPTION 1	endonucleolytic cleavage in 5'-ETS of tricistronic rRNA transcript (SSU-rRNA, 5.8S rRNA, LSU-rRNA);endonucleolytic cleavage in ITS1 to separate SSU-rRNA from 5.8S rRNA and LSU-rRNA from tricistronic rRNA transcript (SSU-rRNA, 5.8S rRNA, LSU-rRNA);endonucleolytic cleavage to generate mature 5'-end of SSU-rRNA from (SSU-rRNA, 5.8S rRNA, LSU-rRNA);small-subunit processome assembly;nucleolus;nucleus;RNA binding;protein binding;LP.02 two leaves visible stage;LP.04 four leaves visible stage;LP.06 six leaves visible stage;LP.08 eight leaves visible stage;LP.10 ten leaves visible stage;LP.12 twelve leaves visible stage;flowering stage;mature plant embryo stage;petal differentiation and expansion stage;plant embryo bilateral stage;plant embryo cotyledonary stage;plant embryo globular stage;vascular leaf senescent stage;carpel;cauline leaf;collective leaf structure;cotyledon;flower;flower pedicel;guard cell;hypocotyl;inflorescence meristem;leaf apex;leaf lamina base;petal;petiole;plant embryo;pollen;root;seed;sepal;shoot apex;shoot system;stamen;stem;vascular leaf,
Locus:2147152	AT5G20910	protein_coding	Encodes an E3 ligase that can interact with and polyubiquitinate ABI3 in vitro.  AIP2 likely negatively regulates ABA signaling by targeting ABI3 for post-translational destruction.	ABI3-interacting protein 2;AIP2	negative regulation of abscisic acid-activated signaling pathway;protein ubiquitination;response to abscisic acid;negative regulation of abscisic acid-activated signaling pathway;protein ubiquitination;ubiquitin-dependent protein catabolic process;cytosol;nucleus;protein binding;ubiquitin protein ligase activity;ubiquitin-protein transferase activity;L mature pollen stage;LP.02 two leaves visible stage;LP.04 four leaves visible stage;LP.06 six leaves visible stage;LP.08 eight leaves visible stage;LP.10 ten leaves visible stage;LP.12 twelve leaves visible stage;M germinated pollen stage;flowering stage;mature plant embryo stage;petal differentiation and expansion stage;plant embryo bilateral stage;plant embryo cotyledonary stage;plant embryo globular stage;vascular leaf senescent stage;carpel;cauline leaf;collective leaf structure;cotyledon;flower;flower pedicel;guard cell;hypocotyl;inflorescence meristem;leaf apex;leaf lamina base;petal;plant embryo;pollen;pollen tube cell;root;seed;sepal;shoot apex;shoot system;stamen;stem;vascular leaf,
Locus:2094108	AT3G19140	protein_coding	DAY NEUTRAL FLOWERING (DNF) is a membrane-bound E3 ligase involved in the regulation of flowering time in Arabidopsis. It negetively regulate the early flowering under Short Day condition.	ATL62;Arabidopsis Toxicos en Levadura 62;DAY NEUTRAL FLOWERING;DNF	negative regulation of short-day photoperiodism, flowering;protein ubiquitination;plasma membrane;extracellular region;plasma membrane;ubiquitin-protein transferase activity;LP.04 four leaves visible stage;flowering stage;petal differentiation and expansion stage;flower;inflorescence meristem;plant sperm cell;root;sepal;stem;vascular leaf,
Locus:2064584	AT2G42030	protein_coding	Encodes a RING domain E3 ligase. Has overlapping function with MUSE1 in the negative regulation of defence responses. SIKIC2 (and possibly SIKIC1 and 3) is ubiquination target.	MUSE2;SNC1- ENHANCING 2	ubiquitin-dependent protein catabolic process;ERAD pathway;ubiquitin-dependent protein catabolic process;cytoplasm;ubiquitin protein ligase activity;ubiquitin-like protein conjugating enzyme binding;L mature pollen stage;LP.02 two leaves visible stage;LP.04 four leaves visible stage;LP.06 six leaves visible stage;LP.08 eight leaves visible stage;LP.10 ten leaves visible stage;LP.12 twelve leaves visible stage;M germinated pollen stage;flowering stage;mature plant embryo stage;petal differentiation and expansion stage;plant embryo bilateral stage;plant embryo cotyledonary stage;plant embryo globular stage;vascular leaf senescent stage;carpel;cauline leaf;collective leaf structure;cotyledon;flower;flower pedicel;guard cell;hypocotyl;inflorescence meristem;leaf apex;leaf lamina base;petal;petiole;plant embryo;plant sperm cell;pollen;pollen tube cell;root;seed;sepal;shoot apex;shoot system;stamen;stem;vascular leaf,
Locus:2095833	AT3G58030	protein_coding	Encodes a RING domain E3 ligase. Has overlapping function with MUSE2 in the negative regulation of defence responses. SIKIC2 (and possibly SIKIC1 and 3) is ubiquination target.	MUSE1;SNC1- ENHANCING 1	protein autoubiquitination;ubiquitin-dependent protein catabolic process;ERAD pathway;ubiquitin-dependent protein catabolic process;nucleus;ubiquitin protein ligase activity;ubiquitin-like protein conjugating enzyme binding;guard cell;cell-to-cell mobile RNA,
Locus:2178788	AT5G58580	protein_coding	Encodes a functional E3 ligase that is involved in membrane trafficking and regulation of salt stress responses. It is localized to membranes including the plasma membrane; pre-vacuolar compartments and Golgi.	ATL63;SALT TOLERANCE RING FINGER 1;STRF1;TL63;TOXICOS EN LEVADURA 63	cellular response to osmotic stress;regulation of endocytosis;regulation of reactive oxygen species biosynthetic process;regulation of response to salt stress;protein ubiquitination;Golgi-associated vesicle;early endosome;endosome;nucleus;plasma membrane;ubiquitin protein ligase binding;guard cell,
Locus:2061242	AT2G39880	protein_coding	Encodes a putative transcription factor (MYB25); degraded by the 26S proteasome, likely facilitated by a CUL3-based E3 ligase that  uses MATH-BTB/POZ proteins as substrate adaptors	AtMYB25;MYB25;myb domain protein 25	pollen development;regulation of DNA-templated transcription;regulation of DNA-templated transcription;nucleus;nuclear speck;nucleus;DNA-binding transcription factor activity;DNA-binding transcription factor activity, RNA polymerase II-specific;RNA polymerase II cis-regulatory region sequence-specific DNA binding;LP.02 two leaves visible stage;LP.04 four leaves visible stage;LP.12 twelve leaves visible stage;flowering stage;mature plant embryo stage;petal differentiation and expansion stage;plant embryo bilateral stage;plant embryo cotyledonary stage;plant embryo globular stage;vascular leaf senescent stage;carpel;cauline leaf;collective leaf structure;cotyledon;flower;flower pedicel;guard cell;hypocotyl;inflorescence meristem;leaf apex;leaf lamina base;petal;petiole;plant egg cell;plant embryo;pollen;root;seed;sepal;shoot apex;shoot system;stamen;vascular leaf,
Locus:2089678	AT3G18290	protein_coding	Encodes BRUTUS (BTS); a putative E3 ligase protein with metal ion binding and DNA binding domains, which negatively regulates the response to iron deficiency. The mRNA is cell-to-cell mobile.	BRUTUS;BTS;EMB2454;embryo defective 2454	cellular response to hypoxia;cellular response to iron ion starvation;embryo development ending in seed dormancy;cellular response to iron ion starvation;multicellular organismal-level iron ion homeostasis;protein ubiquitination;ubiquitin-dependent protein catabolic process;nucleus;nucleus;iron ion binding;protein binding;ubiquitin protein ligase activity;zinc ion binding;LP.02 two leaves visible stage;LP.04 four leaves visible stage;LP.06 six leaves visible stage;LP.08 eight leaves visible stage;LP.10 ten leaves visible stage;LP.12 twelve leaves visible stage;M germinated pollen stage;flowering stage;mature plant embryo stage;petal differentiation and expansion stage;plant embryo bilateral stage;plant embryo cotyledonary stage;plant embryo globular stage;vascular leaf senescent stage;carpel;cauline leaf;collective leaf structure;cotyledon;flower;flower pedicel;guard cell;hypocotyl;inflorescence meristem;leaf apex;leaf lamina base;petal;petiole;plant embryo;pollen;pollen tube cell;root;seed;sepal;shoot apex;shoot system;stamen;stem;vascular leaf;cell-to-cell mobile RNA,
Locus:2078961	AT3G55730	protein_coding	putative transcription factor MYB109 (MYB109) mRNA; degraded by the 26S proteasome, likely facilitated by a CUL3-based E3 ligase that  uses MATH-BTB/POZ proteins as substrate adaptors	AtMYB109;MYB109;myb domain protein 109	regulation of DNA-templated transcription;regulation of DNA-templated transcription;nucleus;cytoplasm;nuclear speck;nucleus;DNA-binding transcription factor activity;DNA-binding transcription factor activity, RNA polymerase II-specific;RNA polymerase II cis-regulatory region sequence-specific DNA binding;transcription cis-regulatory region binding;L mature pollen stage;LP.02 two leaves visible stage;LP.04 four leaves visible stage;LP.06 six leaves visible stage;LP.08 eight leaves visible stage;LP.10 ten leaves visible stage;LP.12 twelve leaves visible stage;M germinated pollen stage;flowering stage;mature plant embryo stage;petal differentiation and expansion stage;plant embryo bilateral stage;plant embryo cotyledonary stage;plant embryo globular stage;vascular leaf senescent stage;carpel;cauline leaf;collective leaf structure;cotyledon;flower;flower pedicel;guard cell;hypocotyl;inflorescence meristem;leaf apex;leaf lamina base;petal;petiole;plant embryo;pollen;pollen tube cell;root;seed;sepal;shoot apex;shoot system;stamen;stem;vascular leaf,
Locus:2198718	AT1G05880	protein_coding	Encodes ARI12 (ARIADNE 12). ARI12 belongs to a family of RING between RING fingers' (RBR) domain proteins with E3 ligase activity. Expression of ARI12 is induced by UV-B exposure.	ARABIDOPSIS ARIADNE 12;ARI12;ARIADNE 12;ATARI12	cellular response to hypoxia;response to UV-B;ubiquitin-dependent protein catabolic process;cytoplasm;nucleus;ubiquitin ligase complex;ubiquitin conjugating enzyme binding;ubiquitin protein ligase activity;root;stem,
Locus:2064392	AT2G30580	protein_coding	Encodes a C3HC4 RING-domain-containing ubiquitin E3 ligase capable of interacting with DREB2A. DRIP2 seems to be involved in regulating stress-related transcriptional changes and drought tolerance.	ATDRIP2;BMI1A;DREB2A-INTERACTING PROTEIN 2;DRIP2	response to water deprivation;protein autoubiquitination;protein ubiquitination;cytoplasm;nucleus;protein binding;ubiquitin-protein transferase activity;L mature pollen stage;LP.02 two leaves visible stage;LP.04 four leaves visible stage;LP.06 six leaves visible stage;LP.08 eight leaves visible stage;LP.10 ten leaves visible stage;LP.12 twelve leaves visible stage;M germinated pollen stage;flowering stage;mature plant embryo stage;petal differentiation and expansion stage;plant embryo bilateral stage;plant embryo cotyledonary stage;plant embryo globular stage;vascular leaf senescent stage;carpel;cauline leaf;collective leaf structure;cotyledon;flower;flower pedicel;guard cell;hypocotyl;inflorescence meristem;leaf apex;leaf lamina base;petal;petiole;plant embryo;plant sperm cell;pollen;pollen tube cell;root;rosette leaf;seed;sepal;shoot apex;shoot system;stamen;stem;vascular leaf,
Locus:2136457	AT4G27120	protein_coding	ER-resident adaptor protein. Part of complex with C53 and UFL1; the E3 ligase that mediates ufmylation. Involved in the pathway that links ribosome-associated quality control with selective autophagy at the ER.	DDRGK1	biological_process;cytoplasm;cytosol;molecular_function;ubiquitin-like protein ligase binding;LP.02 two leaves visible stage;LP.04 four leaves visible stage;LP.06 six leaves visible stage;LP.08 eight leaves visible stage;LP.10 ten leaves visible stage;LP.12 twelve leaves visible stage;M germinated pollen stage;flowering stage;mature plant embryo stage;petal differentiation and expansion stage;plant embryo bilateral stage;plant embryo cotyledonary stage;plant embryo globular stage;vascular leaf senescent stage;carpel;cauline leaf;collective leaf structure;cotyledon;flower;flower pedicel;guard cell;hypocotyl;inflorescence meristem;leaf apex;leaf lamina base;petal;petiole;plant embryo;plant sperm cell;pollen;root;rosette leaf;seed;sepal;shoot apex;shoot system;stamen;stem;vascular leaf,
Locus:2160619	AT5G63780	protein_coding	Encodes SHA1 (shoot apical meristem arrest); a putative E3 ligase (a RING finger protein) required for post-embryonic SAM maintenance.  The mutant sha1-1 shows a primary SAM-deficient phenotype at the adult stage.	SHA1;shoot apical meristem arrest 1	maintenance of shoot apical meristem identity;meristem development;nucleus;zinc ion binding;LP.02 two leaves visible stage;LP.04 four leaves visible stage;LP.06 six leaves visible stage;LP.08 eight leaves visible stage;LP.10 ten leaves visible stage;LP.12 twelve leaves visible stage;flowering stage;mature plant embryo stage;petal differentiation and expansion stage;plant embryo bilateral stage;plant embryo cotyledonary stage;plant embryo globular stage;vascular leaf senescent stage;carpel;cauline leaf;collective leaf structure;cotyledon;flower;flower pedicel;guard cell;hypocotyl;inflorescence meristem;leaf apex;leaf lamina base;petal;petiole;plant embryo;pollen;root;seed;sepal;shoot apex;shoot system;stamen;stem;vascular leaf;whole plant,
Locus:2057469	AT2G26000	protein_coding	Encodes a RING domain containing protein BRIZ2. BRIZ1 (At2g42160) and BRIZ2 (At2g26000) proteins form a heteromeric E3 ligase complex required for seed germination and post-germination growth.	BRAP2 RING ZnF UBP domain-containing protein 2;BRIZ2	regulation of seed germination;Ras protein signal transduction;protein ubiquitination;cytoplasm;chloroplast;ubiquitin ligase complex;protein binding;protein heterodimerization activity;ubiquitin binding;ubiquitin protein ligase activity;ubiquitin-protein transferase activity;zinc ion binding;flowering stage;mature plant embryo stage;petal differentiation and expansion stage;plant embryo bilateral stage;plant embryo cotyledonary stage;carpel;collective leaf structure;flower;flower pedicel;guard cell;plant embryo;seed;sepal;shoot apex;stamen;stem,
Locus:2060045	AT2G42160	protein_coding	Encodes a RING domain containing protein BRIZ1. BRIZ1 (At2g42160) and BRIZ2 (At2g26000) proteins form a heteromeric E3 ligase complex required for seed germination and post-germination growth.	BRAP2 RING ZnF UBP domain-containing protein 1;BRIZ1	regulation of seed germination;Ras protein signal transduction;protein ubiquitination;cytoplasm;cytoplasm;ubiquitin ligase complex;protein binding;protein heterodimerization activity;ubiquitin protein ligase activity;ubiquitin-protein transferase activity;zinc ion binding;LP.02 two leaves visible stage;LP.04 four leaves visible stage;LP.06 six leaves visible stage;LP.08 eight leaves visible stage;LP.10 ten leaves visible stage;LP.12 twelve leaves visible stage;flowering stage;mature plant embryo stage;petal differentiation and expansion stage;plant embryo bilateral stage;plant embryo cotyledonary stage;plant embryo globular stage;vascular leaf senescent stage;carpel;cauline leaf;collective leaf structure;cotyledon;flower;flower pedicel;guard cell;hypocotyl;inflorescence meristem;leaf apex;leaf lamina base;petal;petiole;plant embryo;pollen;root;seed;sepal;shoot apex;shoot system;stamen;stem;vascular leaf,
Locus:2012453	AT1G68820	protein_coding	Putative C3HC4 zinc-finger ubiquitin E3 ligase; negative regulator in ABA and drought stress response. May act as a positive role in regulating the high temperature by mediating the  degradation of unknown target proteins.	PPRT1;PROTEIN WITH THE RING DOMAIN AND TMEMB_185A 1	response to heat;response to water deprivation;mitochondrion;nucleus;molecular_function;LP.02 two leaves visible stage;LP.04 four leaves visible stage;LP.06 six leaves visible stage;LP.08 eight leaves visible stage;LP.10 ten leaves visible stage;LP.12 twelve leaves visible stage;flowering stage;mature plant embryo stage;petal differentiation and expansion stage;plant embryo bilateral stage;plant embryo cotyledonary stage;plant embryo globular stage;vascular leaf senescent stage;carpel;cauline leaf;collective leaf structure;cotyledon;flower;flower pedicel;guard cell;hypocotyl;inflorescence meristem;leaf apex;leaf lamina base;petal;petiole;plant embryo;pollen;root;seed;sepal;shoot apex;shoot system;stamen;stem;vascular leaf,
Locus:2138957	AT4G04780	protein_coding	Encodes the med21 subunit of the mediator complex which is involved in transcriptional regulation. MED21 interacts physically with the E3 ligase HUB1 and this interaction may be important in mediation defense responses to fungal pathogens.	MED21;MEDIATOR 21	regulation of DNA-templated transcription;defense response to fungus;regulation of transcription by RNA polymerase II;nucleus;polar nucleus;mediator complex;protein binding;transcription coregulator activity;guard cell,
Locus:2083489	AT3G09230	protein_coding	member of MYB3R- and R2R3- type MYB- encoding genes; degraded by the 26S proteasome, likely facilitated by a CUL3-based E3 ligase that  uses MATH-BTB/POZ proteins as substrate adaptors.	AtMYB1;MYB1;SALT-RELATED MYB1;SRM1;myb domain protein 1	regulation of DNA-templated transcription;nucleus;cytosol;nucleus;DNA binding;DNA-binding transcription factor activity;DNA-binding transcription factor activity, RNA polymerase II-specific;RNA polymerase II cis-regulatory region sequence-specific DNA binding;transcription cis-regulatory region binding;guard cell;leaf;root tip,
Locus:2149805	AT5G01720	protein_coding	RAE1 is an F-box protein component of a SCF-type E3 ligase complex. It is part of an alumium induced regulatory loop: its activity is induced by STOP1 and it in turn ubiquitinates STOP1 which is then targeted for degradation.	RAE1;REGULATION OF ATALMT1 EXPRESSION 1	protein ubiquitination;ubiquitin-dependent protein catabolic process;SCF-dependent proteasomal ubiquitin-dependent protein catabolic process;nucleus;SCF ubiquitin ligase complex;molecular_function;LP.04 four leaves visible stage;LP.06 six leaves visible stage;flowering stage;mature plant embryo stage;petal differentiation and expansion stage;plant embryo bilateral stage;plant embryo cotyledonary stage;plant embryo globular stage;anther;carpel;collective leaf structure;flower;flower pedicel;guard cell;hypocotyl;inflorescence meristem;leaf vascular system;petal;plant embryo;pollen;root;seed;sepal;shoot apex;shoot system;stamen;stem;vascular leaf,
Locus:2160664	AT5G63730	protein_coding	Encodes ARIADNE14 (ARI14); a putative ubiquitin E3 ligase. ARI14 and an inversely transcribed gene KPL generate a sperm-specific natural cis-antisense siRNA pair. In the absence of KPL, ARI14 RNA levels in sperm are increased and fertilization is impaired.	ARABIDOPSIS ARIADNE 14;ARI14;ARIADNE 14;ATARI14	regulation of double fertilization forming a zygote and endosperm;ubiquitin-dependent protein catabolic process;cytoplasm;cytoplasm;ubiquitin ligase complex;ubiquitin conjugating enzyme binding;ubiquitin protein ligase activity;flowering stage;flower;pollen,
Locus:2033103	AT1G06770	protein_coding	Encodes a C3HC4 RING-domain-containing ubiquitin E3 ligase capable of interacting with DREB2A. The DRIP1-GFP fusion protein is nuclear-localized. DRIP1 seems to be involved in regulating stress-related transcriptional changes and drought tolerance.	ATBMI1B;ATDRIP1;ATRING1B;BMI1B;DREB2A-INTERACTING PROTEIN 1;DRIP1	response to water deprivation;protein autoubiquitination;protein ubiquitination;cytoplasm;nucleus;protein binding;ubiquitin-protein transferase activity;L mature pollen stage;LP.04 four leaves visible stage;LP.06 six leaves visible stage;M germinated pollen stage;flowering stage;mature plant embryo stage;petal differentiation and expansion stage;plant embryo bilateral stage;plant embryo cotyledonary stage;plant embryo globular stage;anther;carpel;cauline leaf;collective leaf structure;cotyledon;flower;flower pedicel;guard cell;hypocotyl;hypocotyl-root junction;inflorescence meristem;leaf apex;leaf lamina base;petal;plant embryo;plant sperm cell;pollen;pollen tube cell;primary root elongation zone;root;root tip;rosette leaf;seed;sepal;shoot apex;stamen;stem;stigma;vascular leaf,
Locus:2084218	AT3G01650	protein_coding	Encodes RGLG1 (RING domain ligase 1); a RING domain ubiquitin E3 ligase that negatively regulates the drought stress response by mediating ERF53 transcriptional activity.  ABA inhibits myristoylation and induces shuttling of the RGLG1 to promote nuclear degradation of PP2CA.	RGLG1;RING domain Ligase1	auxin metabolic process;cytokinin metabolic process;negative regulation of response to water deprivation;positive regulation of abscisic acid-activated signaling pathway;positive regulation of abscisic acid-activated signaling pathway;protein K63-linked ubiquitination;protein ubiquitination;nucleus;nucleus;plasma membrane;protein binding;ubiquitin protein ligase activity;ubiquitin-protein transferase activity;L mature pollen stage;LP.02 two leaves visible stage;LP.04 four leaves visible stage;LP.06 six leaves visible stage;LP.08 eight leaves visible stage;LP.10 ten leaves visible stage;LP.12 twelve leaves visible stage;M germinated pollen stage;flowering stage;mature plant embryo stage;petal differentiation and expansion stage;plant embryo bilateral stage;plant embryo cotyledonary stage;plant embryo globular stage;vascular leaf senescent stage;carpel;cauline leaf;collective leaf structure;cotyledon;flower;flower pedicel;guard cell;hypocotyl;inflorescence meristem;leaf apex;leaf lamina base;leaf vascular system;petal;petiole;plant embryo;plant sperm cell;pollen;pollen tube cell;root;root vascular system;seed;sepal;shoot apex;shoot system;stamen;stem;vascular leaf;epidermal pavement cell;guard cell,
Locus:2100021	AT3G55530	protein_coding	Encodes an intracellular membrane localized protein with E3 ligase activity; found in the ER with the C-terminus facing the cytoplasm. It is involved in regulation of ABA signaling. Loss of function alleles show decreased sensitivity to ABA. Overexpression results in increased sensitivity to ABA.	ATSDIR1;SALT- AND DROUGHT-INDUCED RING FINGER1;SDIR1	positive regulation of abscisic acid-activated signaling pathway;protein ubiquitination;response to abscisic acid;response to salt stress;response to water deprivation;ubiquitin-dependent protein catabolic process;protein ubiquitination;ubiquitin-dependent protein catabolic process;endoplasmic reticulum membrane;intracellular membrane-bounded organelle;nucleus;protein binding;ubiquitin protein ligase activity;ubiquitin-protein transferase activity;L mature pollen stage;LP.02 two leaves visible stage;LP.04 four leaves visible stage;LP.06 six leaves visible stage;LP.08 eight leaves visible stage;LP.10 ten leaves visible stage;LP.12 twelve leaves visible stage;M germinated pollen stage;flowering stage;mature plant embryo stage;petal differentiation and expansion stage;plant embryo bilateral stage;plant embryo cotyledonary stage;plant embryo globular stage;vascular leaf senescent stage;carpel;cauline leaf;collective leaf structure;cotyledon;flower;flower pedicel;guard cell;hypocotyl;inflorescence meristem;leaf apex;leaf lamina base;petal;petiole;plant embryo;pollen;root;seed;sepal;shoot apex;shoot system;stamen;stem;vascular leaf,
Locus:2185061	AT5G13530	protein_coding	Encodes KEEP ON GOING (KEG); a RING E3 ligase involved in abscisic acid signaling.  KEG is essential for Arabidopsis growth and development.  ABA promotes KEG degradation via the ubiquitin dependent 26S proteasome pathway. Associates with and ubiquitinates MKK4 and MKK5 to regulate plant immunity.	KEEP ON GOING;KEG	abscisic acid-activated signaling pathway;defense response;developmental growth;endosomal transport;late endosome to vacuole transport;negative regulation of abscisic acid-activated signaling pathway;protein ubiquitination;response to abscisic acid;secretion by cell;abscisic acid-activated signaling pathway;defense response;late endosome to vacuole transport;negative regulation of abscisic acid-activated signaling pathway;protein ubiquitination;early endosome;trans-Golgi network;cytoplasm;early endosome;intracellular anatomical structure;trans-Golgi network;ATP binding;protein binding;protein kinase activity;protein serine/threonine kinase activity;ubiquitin-protein transferase activity;LP.02 two leaves visible stage;LP.04 four leaves visible stage;LP.06 six leaves visible stage;LP.08 eight leaves visible stage;LP.10 ten leaves visible stage;LP.12 twelve leaves visible stage;flowering stage;mature plant embryo stage;petal differentiation and expansion stage;plant embryo bilateral stage;plant embryo cotyledonary stage;plant embryo globular stage;vascular leaf senescent stage;carpel;cauline leaf;collective leaf structure;cotyledon;cultured plant cell;flower;flower pedicel;guard cell;hypocotyl;inflorescence meristem;leaf apex;leaf lamina base;petal;petiole;plant embryo;pollen;root;seed;sepal;shoot apex;shoot system;stamen;stem;vascular leaf,
Locus:2205020	AT1G69670	protein_coding	cullin; putative, contains similarity to Cullin homolog 3 (CUL-3) SP:Q13618, GI:3639052 from (Homo sapiens); contains Pfam profile PF00888: Cullin family. Interacts with members of AtBPM family and RBX1 suggesting it is part of an E3 ligase complex involved in RUB modification.	ARABIDOPSIS THALIANA CULLIN 3B;ATCUL3B;CUL3B;CULLIN 3B	embryo development ending in seed dormancy;endosperm development;ubiquitin-dependent protein catabolic process;protein ubiquitination;nucleus;SCF ubiquitin ligase complex;cullin-RING ubiquitin ligase complex;ubiquitin ligase complex;protein binding;ubiquitin protein ligase binding;L mature pollen stage;LP.04 four leaves visible stage;LP.06 six leaves visible stage;LP.08 eight leaves visible stage;LP.10 ten leaves visible stage;flowering stage;mature plant embryo stage;petal differentiation and expansion stage;plant embryo bilateral stage;plant embryo cotyledonary stage;plant embryo globular stage;carpel;cauline leaf;chalazal cyst;collective leaf structure;flower;flower pedicel;guard cell;hypocotyl;inflorescence meristem;leaf apex;leaf lamina base;petal;petiole;plant embryo;plant sperm cell;pollen;pollen tube cell;root;seed;sepal;shoot apex;shoot system;stamen;stem;vascular leaf,
Locus:2024675	AT1G02860	protein_coding	Encodes a ubiquitin E3 ligase with RING and SPX domains that is involved in mediating immune responses and mediates degradation of PHT1s at plasma membranes.  Targeted by MIR827. Ubiquitinates PHT1;3; PHT1;2, PHT1;1/AtPT1 and PHT1;4/AtPT2.	BAH1;BENZOIC ACID HYPERSENSITIVE 1;NLA;SYG1;nitrogen limitation adaptation	defense response to bacterium;plant-type hypersensitive response;regulation of salicylic acid metabolic process;response to benzoic acid;response to nitrate;response to salicylic acid;salicylic acid biosynthetic process;systemic acquired resistance;protein ubiquitination;cytoplasm;mitochondrion;nucleus;plasma membrane;protein binding;ubiquitin-protein transferase activity;LP.02 two leaves visible stage;LP.04 four leaves visible stage;LP.06 six leaves visible stage;LP.08 eight leaves visible stage;LP.10 ten leaves visible stage;LP.12 twelve leaves visible stage;flowering stage;mature plant embryo stage;petal differentiation and expansion stage;plant embryo bilateral stage;plant embryo cotyledonary stage;plant embryo globular stage;seedling development stage;vascular leaf senescent stage;carpel;cauline leaf;collective leaf structure;cotyledon;flower;flower pedicel;guard cell;gynoecium;hypocotyl;inflorescence meristem;leaf apex;leaf lamina base;petal;petiole;plant embryo;pollen;receptacle;root;rosette leaf;seed;sepal;shoot apex;shoot system;stamen;stem;vascular leaf,
Locus:2142449	AT5G10380	protein_coding	Encodes a RING finger domain protein with E3 ligase activity that is localized to the lipid rafts of the plasma membrane. Expression is increased in response to fungal pathogen. May be involved in regulation of programmed cell death by facilitating degredation of regulation of PDC activators. The mRNA is cell-to-cell mobile.	ATL55;ATRING1;Arabidopsis Toxicos en Levadura 55;RING1	positive regulation of programmed cell death;programmed cell death;protein autoubiquitination;protein ubiquitination;response to bacterium;response to molecule of fungal origin;mitochondrion;plasma membrane;ubiquitin-protein transferase activity;LP.02 two leaves visible stage;LP.04 four leaves visible stage;LP.06 six leaves visible stage;LP.08 eight leaves visible stage;LP.10 ten leaves visible stage;LP.12 twelve leaves visible stage;flowering stage;mature plant embryo stage;petal differentiation and expansion stage;plant embryo bilateral stage;plant embryo cotyledonary stage;plant embryo globular stage;vascular leaf senescent stage;carpel;cauline leaf;collective leaf structure;cotyledon;flower;flower pedicel;guard cell;hypocotyl;inflorescence meristem;leaf apex;leaf lamina base;petal;petiole;plant embryo;pollen;root;root tip;seed;sepal;shoot apex;shoot system;stamen;stem;vascular leaf;cell-to-cell mobile RNA,
Locus:2170229	AT5G06830	protein_coding	Conserved reticulophagy receptor that bridges the gap betweenselective autophagy and ribosome stalling at the endoplasmic reticulum. Interacts directly with ATG8. Recruited to phagophores; precursors to autophagosomes, during ER stress in an autophagy-dependent manner. Forms a receptor complex with UFL1, the E3 ligase that mediates ufmylation, and its adaptor protein, DDRGK1.	C53	regulation of cyclin-dependent protein serine/threonine kinase activity;regulation of mitotic cell cycle;cellular_component;endomembrane system;nucleus;molecular_function;LP.02 two leaves visible stage;LP.04 four leaves visible stage;LP.06 six leaves visible stage;LP.08 eight leaves visible stage;LP.10 ten leaves visible stage;LP.12 twelve leaves visible stage;M germinated pollen stage;flowering stage;mature plant embryo stage;petal differentiation and expansion stage;plant embryo bilateral stage;plant embryo cotyledonary stage;plant embryo globular stage;vascular leaf senescent stage;carpel;cauline leaf;collective leaf structure;cotyledon;flower;flower pedicel;guard cell;hypocotyl;inflorescence meristem;leaf apex;leaf lamina base;petal;petiole;plant embryo;plant sperm cell;pollen;pollen tube cell;root;seed;sepal;shoot apex;shoot system;stamen;stem;vascular leaf,
Locus:2160659	AT5G63720	protein_coding	Encodes KOKOPELLI (KPL). kokopelli (kpl) mutants display frequent single-fertilization events indicating that KPL is involved in double fertilization. KPL and an inversely transcribed gene; ARIADNE14 (ARI14), which encodes a putative ubiquitin E3 ligase, generate a sperm-specific natural cis-antisense siRNA pair. In the absence of KPL, ARI14 RNA levels in sperm are increased and fertilization is impaired.	KOKOPELLI;KPL	double fertilization forming a zygote and endosperm;pollen development;mitochondrion;molecular_function;L mature pollen stage;M germinated pollen stage;flowering stage;flower;plant sperm cell;pollen;pollen tube cell,
Locus:2126634	AT4G31080	protein_coding	Encodes one of two LUNAPARK proteins in Arabidopsis.  Both LNPA and LNPB are predominantly distributed throughout the ER; but not preferentially localized at the three-way junctions. Mutation of both LNPA and LNPB together caused the cortical ER to develop poor ER cisternae and a less dense tubular network. E3 ligase involved in degradation of RHD3 to maintain a tubular ER network.	LNP2;LNP2.1;LNP2.2;LNPA;LUNAPARK A;LUNAPARK2;LUNAPARK2.1;LUNAPARK2.2	endoplasmic reticulum cisternal network assembly;endoplasmic reticulum tubular network organization;endoplasmic reticulum tubular network;endoplasmic reticulum;nucleus;protein binding;ubiquitin protein ligase activity;L mature pollen stage;LP.02 two leaves visible stage;LP.04 four leaves visible stage;LP.06 six leaves visible stage;LP.08 eight leaves visible stage;LP.10 ten leaves visible stage;LP.12 twelve leaves visible stage;M germinated pollen stage;flowering stage;mature plant embryo stage;petal differentiation and expansion stage;plant embryo bilateral stage;plant embryo cotyledonary stage;plant embryo globular stage;vascular leaf senescent stage;carpel;cauline leaf;collective leaf structure;cotyledon;flower;flower pedicel;guard cell;hypocotyl;inflorescence meristem;leaf apex;leaf lamina base;petal;petiole;plant embryo;plant sperm cell;pollen;pollen tube cell;root;seed;sepal;shoot apex;shoot system;stamen;stem;vascular leaf;cotyledon;hypocotyl;root;root hair cell;rosette leaf,
Locus:2195533	AT1G63900	protein_coding	Encodes a RING-type ubiquitin E3 ligase of the chloroplast outer membrane that associates with TOC complexes and mediates ubiquitination of TOC components; promoting their degradation.  It not only regulates chloroplast protein import but also targets components of the peroxisome protein import apparatus, PEX13 in particular. Several studies have been done to examine the peroxisomal localization of this protein, with varying interpretations.	DAL1;DIAP1-like protein 1;SP1;SUPPRESSOR OF PPI1 LOCUS 1	chloroplast organization;negative regulation of fatty acid beta-oxidation;protein destabilization;protein import into chloroplast stroma;protein import into peroxisome matrix;protein ubiquitination;organelle organization;protein ubiquitination;regulation of protein import into chloroplast stroma;chloroplast;chloroplast envelope;chloroplast outer membrane;mitochondrion;peroxisomal membrane;peroxisome;protein binding;ubiquitin-protein transferase activity;LP.02 two leaves visible stage;LP.04 four leaves visible stage;LP.06 six leaves visible stage;LP.08 eight leaves visible stage;LP.10 ten leaves visible stage;LP.12 twelve leaves visible stage;flowering stage;mature plant embryo stage;petal differentiation and expansion stage;plant embryo bilateral stage;plant embryo cotyledonary stage;plant embryo globular stage;vascular leaf senescent stage;carpel;cauline leaf;collective leaf structure;cotyledon;flower;flower pedicel;guard cell;hypocotyl;inflorescence meristem;leaf apex;leaf lamina base;petal;petiole;plant embryo;pollen;root;seed;sepal;shoot apex;shoot system;stamen;stem;vascular leaf,
Locus:2017719	AT1G23030	protein_coding	Encodes a plant U-Box protein that is capable of binding and ubiquitinating a variety of targets including MYC2;LRR1,KIN and acting as an E3 ligase. Regulates a number of physiological hormonal and environment al responses via selective degradation of targets.Unlike PUB10, its closest homolog in Arabidopsis, it does not appear to play a major role in the MeJA-mediated response.	PLANT U-BOX PROTEIN 11;PUB11	protein autoubiquitination;protein ubiquitination;regulation of stomatal closure;cytoplasm;nucleus;protein binding;ubiquitin-protein transferase activity;L mature pollen stage;LP.02 two leaves visible stage;LP.04 four leaves visible stage;LP.06 six leaves visible stage;LP.08 eight leaves visible stage;LP.10 ten leaves visible stage;LP.12 twelve leaves visible stage;M germinated pollen stage;flowering stage;mature plant embryo stage;petal differentiation and expansion stage;plant embryo bilateral stage;plant embryo cotyledonary stage;plant embryo globular stage;vascular leaf senescent stage;carpel;cauline leaf;collective leaf structure;cotyledon;flower;flower pedicel;guard cell;hypocotyl;inflorescence meristem;leaf apex;leaf lamina base;petal;petiole;plant embryo;pollen;pollen tube cell;root;seed;sepal;shoot apex;shoot system;stamen;stem;vascular leaf,
Locus:2044757	AT2G35000	protein_coding	ATL9 is an E3 ligase-like protein that is induced by chitin oligomers and contributes to fungal resistance.It differs from other members of the ATL family in that it has a PEST domain. It is a short lived protein that is subject to proteosome mediated degradation. It is expressed in many aerial tissues in a pattern that varies with developmental stage.	ATL2G;ATL9;Arabidopsis toxicos en levadura 9	defense response to fungus;response to chitin;protein ubiquitination;extracellular region;ubiquitin-protein transferase activity;flowering stage;petal differentiation and expansion stage;endosperm;filament vascular system;fruit abscission zone;guard cell;hypocotyl;leaf vascular system;petiole vascular system;plant sperm cell;root;seed micropyle;stamen;stigma,
Locus:2061047	AT2G24330	protein_coding	Encodes one of two LUNAPARK proteins in Arabidopsis.  Both LNPA and LNPB are predominantly distributed throughout the ER; but not preferentially localized at the three-way junctions. Mutation of both LNPA and LNPB together caused the cortical ER to develop poor ER cisternae and a less dense tubular network. E3 ligase involved in degradation of RHD3 to maintain a tubular ER network.	LNP1;LNPB;LUNAPARK B;LUNAPARK1	endoplasmic reticulum cisternal network assembly;endoplasmic reticulum tubular network organization;endoplasmic reticulum tubular network;endoplasmic reticulum;nucleus;protein binding;ubiquitin protein ligase activity;LP.02 two leaves visible stage;LP.04 four leaves visible stage;LP.06 six leaves visible stage;LP.08 eight leaves visible stage;LP.10 ten leaves visible stage;LP.12 twelve leaves visible stage;flowering stage;mature plant embryo stage;petal differentiation and expansion stage;plant embryo bilateral stage;plant embryo cotyledonary stage;plant embryo globular stage;vascular leaf senescent stage;carpel;cauline leaf;collective leaf structure;cotyledon;flower;flower pedicel;guard cell;hypocotyl;inflorescence meristem;leaf apex;leaf lamina base;petal;petiole;plant embryo;plant sperm cell;pollen;pollen tube cell;root;seed;sepal;shoot apex;shoot system;stamen;stem;vascular leaf;cotyledon;hypocotyl;root;root hair cell;rosette leaf,
Locus:2146213	AT5G18340	protein_coding	One of three tandemly located; paralogous plant U-box proteins. Mutants show increased sensitivity to water stress. E3 ligase which acts as a regulator in the heat response signaling pathway. Over-expressing AtPUB48 could induce the expression of the heat-related genes (HSP101, HSP70, HSP25.3, HSFA2, and ZAT12). Enhances plant resistance to heat stress during seed germination and seedling growth.	PLANT U-BOX 48;PUB48	regulation of cellular response to heat;protein ubiquitination;nucleus;cytoplasm;nucleus;ubiquitin protein ligase activity;ubiquitin-protein transferase activity;LP.04 four leaves visible stage;petal differentiation and expansion stage;filament;flower;guard cell;leaf;plant sperm cell;receptacle;root;sepal;stem;style;trichome;vascular leaf,
Locus:2176182	AT5G51110	protein_coding	Encodes a protein involved in Rubisco assembly that also mediates Abscisic acid-dependent stress response. It is a ubiquitination target of the intracellular E3 ligase SDIR1. It selectively regulates the expression of the downstream basic region/leucine zipper motif transcription factor gene ABA-INSENSITIVE5; rather than ABA-RESPONSIVE ELEMENTS BINDING FACTOR3 (ABF3) or ABF4, to regulate ABA-mediated seed germination and the plant salt response.	ATAIRP2 TARGET PROTEIN 1;ATP1;RAF2;RUBISCO ASSEMBLY FACTOR 2;SDIR1-INTERACTING PROTEIN1;SDIRIP1	response to abscisic acid;response to salt stress;ribulose bisphosphate carboxylase complex assembly;tetrahydrobiopterin biosynthetic process;plastid;cell periphery;chloroplast;chloroplast stroma;nucleus;plastid;4-alpha-hydroxytetrahydrobiopterin dehydratase activity;protein binding;LP.02 two leaves visible stage;LP.04 four leaves visible stage;LP.06 six leaves visible stage;LP.08 eight leaves visible stage;LP.10 ten leaves visible stage;LP.12 twelve leaves visible stage;flowering stage;mature plant embryo stage;petal differentiation and expansion stage;plant embryo bilateral stage;plant embryo cotyledonary stage;plant embryo globular stage;vascular leaf senescent stage;carpel;cauline leaf;collective leaf structure;cotyledon;flower;flower pedicel;guard cell;hypocotyl;inflorescence meristem;leaf apex;leaf lamina base;petal;petiole;plant embryo;pollen;rosette leaf;seed;sepal;shoot apex;shoot system;stamen;stem;vascular leaf;leaf,
Locus:2063917	AT2G39810	protein_coding	A novel protein with a RING finger motif near the amino terminus. Negative  regulator of cold responses. Functions as an E3 ligase required for the ubiquitination of ICE1. HOS1  physically interacts with ICE1 and mediates the ubiquitination of  ICE1 both in vitro and in vivo. Overexpression represses the expression of CBFs and their downstream genes and confers increased sensitivity to freezing stress. The mRNA is cell-to-cell mobile.	EARLY IN SHORT DAYS 6;ESD6;HIGH EXPRESSION OF OSMOTICALLY RESPONSIVE GENES 1;HOS1	negative regulation of DNA-templated transcription;protein ubiquitination;response to cold;vegetative to reproductive phase transition of meristem;protein ubiquitination;response to cold;vegetative to reproductive phase transition of meristem;cytoplasm;nucleus;protein binding;ubiquitin-protein transferase activity;LP.04 four leaves visible stage;LP.06 six leaves visible stage;LP.08 eight leaves visible stage;LP.10 ten leaves visible stage;LP.12 twelve leaves visible stage;flowering stage;mature plant embryo stage;petal differentiation and expansion stage;plant embryo bilateral stage;plant embryo cotyledonary stage;plant embryo globular stage;vascular leaf senescent stage;carpel;cauline leaf;collective leaf structure;cotyledon;cultured plant cell;flower;flower pedicel;guard cell;hypocotyl;inflorescence meristem;leaf apex;leaf lamina base;petal;petiole;plant egg cell;plant embryo;root;seed;sepal;shoot apex;shoot system;stamen;stem;vascular leaf;cell-to-cell mobile RNA,
Locus:2102132	AT3G01090	protein_coding	Encodes a SNF1-related protein kinase that physically interacts with SCF subunit SKP1/ASK1 and 20S proteosome subunit PAD1. It can also interact with PRL1 DWD-containing protein. Based on in vitro degradation assays and cul4cs and prl1 mutants; there is evidence that AKIN10 is degraded in a proteasome-dependent manner, and that this depends on a CUL4-PRL1 E3 ligase	AKIN10;KIN10;SNF1 kinase homolog 10;SNF1-RELATED PROTEIN KINASE 1.1;SNRK1;SnRK1.1;SnRK1alpha1	abscisic acid-activated signaling pathway;detection of nutrient;developmental process involved in reproduction;leaf senescence;primary root development;sugar mediated signaling pathway;vegetative phase change;plant organ development;positive regulation of abscisic acid-activated signaling pathway;positive regulation of autophagy;regulation of leaf senescence;response to glucose;response to herbicide;response to hypoxia;response to oxidative stress;response to salt;starch metabolic process;vegetative to reproductive phase transition of meristem;Golgi apparatus;chloroplast;cytoplasm;cytosol;nucleus;nuclear ubiquitin ligase complex;kinase activity;kinase binding;phosphatase binding;protein binding;protein kinase activity;protein serine/threonine kinase activity;L mature pollen stage;LP.02 two leaves visible stage;LP.04 four leaves visible stage;LP.06 six leaves visible stage;LP.08 eight leaves visible stage;LP.10 ten leaves visible stage;LP.12 twelve leaves visible stage;M germinated pollen stage;flowering stage;mature plant embryo stage;petal differentiation and expansion stage;plant embryo bilateral stage;plant embryo cotyledonary stage;plant embryo globular stage;vascular leaf senescent stage;carpel;cauline leaf;collective leaf structure;cotyledon;cultured plant cell;flower;flower pedicel;guard cell;hypocotyl;inflorescence meristem;leaf apex;leaf lamina base;petal;petiole;plant embryo;plant sperm cell;pollen;pollen tube cell;root;seed;sepal;shoot apex;shoot system;stamen;stem;vascular leaf,
Locus:2162060	AT5G46210	protein_coding	Arabidopsis CULLIN4 (CUL4) forms an E3 ubiquitin ligase with the CDD complex and a common catalytic subunit RBX1 in mediating light control of development.  This CUL4-based E3 ligase is essential for the repression of photomorphogenesis.  The partial loss of CUL4 function resulted in a constitutive photomorphogenic phenotype with respect to morphogenesis and light-regulated gene expression. CUL4 exhibits a synergistic genetic interaction with COP10 and DET1.	ATCUL4;CUL4;CULLIN4	DNA repair;cotyledon development;flower development;fruit development;hormone-mediated signaling pathway;leaf development;negative regulation of photomorphogenesis;photomorphogenesis;protein polyubiquitination;shoot system development;short-day photoperiodism, flowering;sugar mediated signaling pathway;protein ubiquitination;chloroplast;nucleus;Cul4-RING E3 ubiquitin ligase complex;cullin-RING ubiquitin ligase complex;ubiquitin ligase complex;ubiquitin-protein transferase activity;protein binding;ubiquitin protein ligase binding;L mature pollen stage;LP.02 two leaves visible stage;LP.04 four leaves visible stage;LP.06 six leaves visible stage;LP.08 eight leaves visible stage;LP.10 ten leaves visible stage;LP.12 twelve leaves visible stage;M germinated pollen stage;flowering stage;mature plant embryo stage;petal differentiation and expansion stage;plant embryo bilateral stage;plant embryo cotyledonary stage;plant embryo globular stage;vascular leaf senescent stage;carpel;cauline leaf;collective leaf structure;cotyledon;flower;flower pedicel;fruit;guard cell;hypocotyl;inflorescence;inflorescence meristem;leaf apex;leaf lamina base;leaf vascular system;petal;petiole;plant embryo;plant sperm cell;pollen;pollen tube cell;primary root;root;root tip;rosette leaf;seed;sepal;shoot apex;shoot system;stamen;stem;vascular leaf,
Locus:2175148	AT5G60410	protein_coding	Encodes  a plant small ubiquitin-like modifier (SUMO) E3 ligase that is a focal controller of Pi starvation-dependent responses. Also required for SA and PAD4-mediated R gene signalling; which in turn confers innate immunity in Arabidopsis.  Also involved in the regulation of plant growth, drought responses and freezing tolerance. This latter effect is most likely due to SIZ1 dependent ABI5 sumoylation. Regulates leaf cell division and expansion through salicylic acid accumulation.  signaling	ATSIZ1;SAP AND MIZ1 DOMAIN- CONTAINING LIGASE1;SIZ1	cell division;cellular response to phosphate starvation;detection of phosphate ion;embryo sac development;negative regulation of flower development;plant ovule development;pollen tube guidance;regulation of abscisic acid-activated signaling pathway;regulation of growth;regulation of nitrate assimilation;regulation of response to water deprivation;regulation of salicylic acid metabolic process;response to freezing;shoot regeneration;unidimensional cell growth;developmental growth;heat acclimation;negative regulation of systemic acquired resistance;protein sumoylation;response to water deprivation;induced systemic resistance, jasmonic acid mediated signaling pathway;chromatin;nucleus;SUMO binding;SUMO ligase activity;SUMO transferase activity;protein binding;LP.02 two leaves visible stage;LP.04 four leaves visible stage;LP.06 six leaves visible stage;LP.08 eight leaves visible stage;LP.10 ten leaves visible stage;LP.12 twelve leaves visible stage;flowering stage;mature plant embryo stage;petal differentiation and expansion stage;plant embryo bilateral stage;plant embryo cotyledonary stage;plant embryo globular stage;vascular leaf senescent stage;carpel;cauline leaf;collective leaf structure;cotyledon;flower;flower pedicel;guard cell;hypocotyl;inflorescence meristem;leaf apex;leaf lamina base;petal;petiole;plant embryo;plant sperm cell;pollen;root;seed;sepal;shoot apex;shoot system;stamen;stem;vascular leaf;whole plant,
Locus:2200670	AT1G26830	protein_coding	Interacts with other components of E3 ligase complex suggesting it functions in RUB-modification. Forms complexes with BTB domain proteins forming a novel class of E3-based ubiquitin   protein-ligase complexes.  Part of a complex with CUL3A; RBX, UBC15 that is in involved in SVP ubiquitination and degradation.Mutant is early flowering and has a reduced sensitivity to far-red light. cul3a/cul3b homozygous/heterozygous plants are embryo lethal.	ATCUL3;ATCUL3A;CUL3;CUL3A;CULLIN 3;CULLIN 3A;cullin 3;cullin 3A	embryo development ending in seed dormancy;endosperm development;positive regulation of flower development;response to red or far red light;ubiquitin-dependent protein catabolic process;proteasome-mediated ubiquitin-dependent protein catabolic process;protein ubiquitination;cytoplasm;cullin-RING ubiquitin ligase complex;nucleus;SCF ubiquitin ligase complex;cullin-RING ubiquitin ligase complex;ubiquitin ligase complex;protein binding;ubiquitin protein ligase binding;L mature pollen stage;LP.02 two leaves visible stage;LP.04 four leaves visible stage;LP.06 six leaves visible stage;LP.08 eight leaves visible stage;LP.10 ten leaves visible stage;LP.12 twelve leaves visible stage;M germinated pollen stage;flowering stage;mature plant embryo stage;petal differentiation and expansion stage;plant embryo bilateral stage;plant embryo cotyledonary stage;plant embryo globular stage;vascular leaf senescent stage;carpel;cauline leaf;collective leaf structure;cotyledon;flower;flower pedicel;fruit;guard cell;gynoecium;hypocotyl;inflorescence meristem;lateral root;lateral root primordium;leaf apex;leaf lamina base;petal;petiole;plant embryo;plant sperm cell;pollen;pollen tube cell;primary root tip;root;rosette leaf;seed;sepal;shoot apex;shoot system;stamen;stem;vascular leaf;cauline leaf;fruit;root;rosette leaf;stem,
